<Server port="8007" shutdown="SHUTDOWN">

  <GlobalNamingResources>
    <!-- Used by Manager webapp -->
    <Resource name="UserDatabase" auth="Container"
              type="org.apache.catalina.UserDatabase"
              description="User database that can be updated and saved"
              factory="org.apache.catalina.users.MemoryUserDatabaseFactory"
              pathname="conf/tomcat-users.xml" />
  </GlobalNamingResources>
  <!-- </GlobalNamingResources> -->

  <Service name="Catalina">
    <Connector port="8081"
    	acceptCount="500"
    	maxThreads = "500"
    	maxSpareThreads="100"
    	connectionTimeout="20000"
    	URIEncoding="UTF-8"
    	compression="on"
    	compressableMimeType="text/html,text/xml,text/plain,application/javascript,application/json,text/javascript"
    	compressionMinSize="500" />
 
    <Engine name="Catalina" defaultHost="localhost">
      <Realm className="org.apache.catalina.realm.UserDatabaseRealm"
             resourceName="UserDatabase" />
      <Host name="localhost" appBase="webapps"  unpackWARs="false"/>
    </Engine>
    
  </Service>
</Server>
